file,sql_blocks,exact_cmp,weak_assert,smoke_only,stmt_types,env_deps,score
functions-and-operators/string-functions.md,171,40,6,125,select:129|other:38|set:5|show:4,,257
partitioned-table.md,109,14,23,72,ddl:72|select:18|other:10|dml:7|set:5|show:3|explain:3,,160
optimizer-hints.md,84,0,3,81,select:50|other:17|explain:14|ddl:12|show:6|set:3,TIFLASH,87
functions-and-operators/tidb-functions.md,51,14,6,31,select:27|other:13|ddl:6|set:3|dml:3|txn:2|show:1,,85
character-set-and-collation.md,46,8,14,24,other:12|select:11|ddl:9|dml:8|set:4|show:3,,76
functions-and-operators/encryption-and-compression-functions.md,20,18,1,1,select:18|set:1|show:1,,57
constraints.md,35,1,19,15,ddl:17|dml:13|txn:9|set:4|other:2|select:2|show:1,,56
privilege-management.md,26,9,12,5,other:10|select:9|show:3|set:2|ddl:2,,56
system-variables.md,45,0,7,38,other:24|set:8|explain:6|select:4|ddl:3|txn:2|dml:2|show:2,,52
sql-plan-management.md,43,2,1,40,ddl:22|select:14|show:7|set:5|dml:4|other:4|explain:3,,48
functions-and-operators/miscellaneous-functions.md,18,14,0,4,select:16|ddl:3|dml:3|set:1,,46
role-based-access-control.md,31,3,4,24,set:12|other:8|ddl:4|show:4|select:3,,41
as-of-timestamp.md,16,8,8,0,select:8|txn:4|dml:2|ddl:1|set:1,,40
identify-slow-queries.md,23,8,0,15,select:12|set:6|admin:3|dml:1|other:1,,39
choose-index.md,32,0,6,26,other:18|explain:12|ddl:4|show:1,,38
sql-statements/sql-statement-create-sequence.md,15,9,5,1,select:9|ddl:4|dml:2,,38
sql-tuning-best-practice.md,18,3,13,2,explain:6|select:6|show:3|ddl:3|other:2,,37
sql-statements/sql-statement-create-index.md,25,0,10,15,other:11|ddl:10|select:4,,35
functions-and-operators/bit-functions-and-operators.md,12,11,0,1,select:12,,34
functions-and-operators/window-functions.md,11,11,0,0,select:11,,33
temporary-tables.md,15,5,8,2,select:5|ddl:4|dml:3|txn:2|set:1,,33
password-management.md,25,0,6,19,ddl:11|set:8|other:6,,31
sql-statements/sql-statement-split-region.md,31,0,0,31,other:25|ddl:3|show:3,,31
basic-sql-operations.md,29,0,0,29,ddl:14|show:5|dml:4|other:3|select:3,,29
functions-and-operators/information-functions.md,13,8,0,5,select:12|ddl:2|dml:2|other:1,,29
auto-increment.md,23,0,5,18,dml:12|ddl:9|other:8|select:7|show:2,,28
statistics.md,21,0,7,14,other:16|select:4|show:2|ddl:1,/tmp/|shell-steps,28
non-transactional-dml.md,25,0,1,24,other:14|select:7|dml:6|ddl:3|show:1,,26
sql-statements/sql-statement-rename-table.md,13,0,13,0,ddl:6|other:4|show:3,,26
user-defined-variables.md,13,5,2,6,set:8|select:6,,25
develop/dev-guide-optimize-sql.md,24,0,0,24,other:10|select:5|explain:5|ddl:4,shell-steps,24
sql-statements/sql-statement-explain.md,23,0,1,22,other:11|explain:8|ddl:3|show:2|dml:1,,24
sql-plan-replayer.md,19,0,4,15,other:15|select:2|ddl:1|dml:1|set:1,,23
sql-statements/sql-statement-alter-sequence.md,10,4,5,1,ddl:5|select:4|show:1,,23
sql-statements/sql-statement-alter-user.md,14,1,7,6,ddl:9|select:6|other:4,,23
foreign-key.md,14,0,8,6,ddl:8|other:6|show:1,,22
functions-and-operators/sequence-functions.md,8,7,0,1,select:7|ddl:1,,22
sql-statements/sql-statement-modify-column.md,16,0,6,10,ddl:12|dml:2|show:2,,22
sql-statements/sql-statement-savepoint.md,21,0,1,20,other:13|txn:4|dml:2|ddl:1|select:1,,22
tidb-read-staleness.md,9,4,5,0,select:4|dml:2|set:2|ddl:1,,22
cached-tables.md,20,0,1,19,other:11|ddl:5|show:2|explain:1|dml:1|select:1,,21
sql-statements/sql-statement-admin.md,18,0,3,15,admin:17|other:1,,21
blocklist-control-plan.md,20,0,0,20,other:8|dml:4|admin:4|explain:3|show:1,tiflash,20
dynamic-config.md,20,0,0,20,other:9|set:6|show:3|select:2,tiflash,20
explain-walkthrough.md,20,0,0,20,other:9|explain:7|ddl:3|show:2|dml:1|set:1,,20
sql-statements/sql-statement-create-user.md,13,0,7,6,ddl:9|other:4|select:4,,20
transaction-overview.md,16,0,4,12,txn:10|other:4|dml:3|set:2|ddl:2|select:2,,20
user-account-management.md,18,0,2,16,ddl:12|other:3|show:2|set:1,,20
views.md,12,1,6,5,ddl:4|other:3|select:2|dml:2|show:1,,20
explain-indexes.md,19,0,0,19,explain:9|other:9|ddl:2|dml:2,,19
read-historical-data.md,10,0,9,1,other:9|set:1,,19
tidb-resource-control-ru-groups.md,14,2,1,11,ddl:7|set:3|select:3|dml:1,,19
comment-syntax.md,8,5,0,3,select:8,,18
partition-pruning.md,18,0,0,18,ddl:9|explain:9|other:9|dml:1,,18
sql-statements/sql-statement-change-column.md,9,0,9,0,ddl:8|dml:1,,18
data-type-date-and-time.md,13,0,4,9,other:10|ddl:3,,17
develop/dev-guide-create-table.md,16,0,1,15,ddl:12|select:1|explain:1|other:1|show:1,TIFLASH|tiflash,17
develop/dev-guide-unstable-result-set.md,11,0,6,5,other:9|select:2,,17
metrics-schema.md,17,0,0,17,other:8|select:4|show:4|set:1,,17
placement-rules-in-sql.md,17,0,0,17,ddl:11|show:4|select:4,,17
post-installation-check.md,17,0,0,17,other:11|select:3|ddl:2|dml:1,shell-steps,17
clustered-indexes.md,10,0,6,4,other:6|ddl:4,,16
configure-time-zone.md,10,1,4,5,set:6|select:2|ddl:1|dml:1,,16
migrate-from-mariadb.md,14,0,2,12,other:7|select:6|show:1,shell-steps,16
time-to-live.md,15,0,1,14,ddl:11|set:2|other:2,,16
ddl_embedded_analyze.md,8,0,7,1,ddl:3|explain:3|dml:3|set:2|show:2|admin:2,,15
develop/dev-guide-prepared-statement.md,9,0,6,3,other:6|set:3,,15
develop/dev-guide-use-stale-read.md,8,3,1,4,select:3|set:3|dml:1|txn:1,,15
global-indexes.md,11,1,2,8,ddl:7|select:2|other:1|show:1,,15
sql-statements/sql-statement-import-into.md,15,0,0,15,other:14|set:1,IMPORT INTO|s3://,15
tidb-external-ts.md,7,2,4,1,select:3|dml:2|set:2|ddl:1|txn:1,,15
data-type-string.md,14,0,0,14,other:13|set:1,,14
derive-topn-from-window.md,8,0,6,2,ddl:6|explain:6|set:6|select:2,,14
dr-secondary-cluster.md,8,2,2,4,other:3|set:2|select:2|txn:1,BACKUP|RESTORE|backup|s3://|shell-steps,14
explain-aggregation.md,14,0,0,14,other:6|explain:6|ddl:3|dml:2|select:1|show:1,tiflash,14
explain-joins.md,14,0,0,14,explain:6|other:6|ddl:3|select:2|dml:1|set:1,,14
functions-and-operators/aggregate-group-by-functions.md,11,1,1,9,select:7|ddl:4|dml:4|other:1,,14
functions-and-operators/control-flow-functions.md,6,4,0,2,select:4|other:2,,14
schema-object-names.md,14,0,0,14,other:6|ddl:5|select:2|set:1,,14
sql-non-prepared-plan-cache.md,14,0,0,14,select:4|other:4|ddl:2|set:2|explain:1|show:1,,14
sql-statements/sql-statement-alter-resource-group.md,13,0,1,12,other:6|ddl:4|select:3,,14
sql-statements/sql-statement-drop-stats.md,7,0,7,0,ddl:5|show:2,,14
develop/dev-guide-index-best-practice.md,13,0,0,13,select:9|ddl:4,,13
develop/dev-guide-paginate-results.md,7,3,0,4,select:6|dml:1,,13
explain-subqueries.md,13,0,0,13,explain:6|other:6|ddl:3|select:1|dml:1,,13
table-attributes.md,13,0,0,13,ddl:9|select:4,,13
tidb-rowid.md,13,0,0,13,other:5|select:4|ddl:3|dml:3|show:1|set:1,,13
develop/dev-guide-hybrid-oltp-and-olap-queries.md,6,3,0,3,select:5|ddl:1,TIFLASH|shell-steps|tiflash,12
develop/dev-guide-optimistic-and-pessimistic-transaction.md,8,0,4,4,other:8,,12
develop/dev-guide-transaction-overview.md,10,0,2,8,txn:8|dml:3|select:2|ddl:1|other:1,,12
generated-columns.md,11,0,1,10,ddl:5|other:4|show:2|select:1|explain:1,,12
information-schema/information-schema-inspection-result.md,12,0,0,12,select:6|other:5|show:1,,12
migrate-from-tidb-to-tidb.md,6,0,6,0,other:6,BACKUP|RESTORE|backup|s3://|shell-steps,12
replicate-between-primary-and-secondary-clusters.md,6,0,6,0,other:6,BACKUP|RESTORE|backup|s3://|shell-steps,12
sql-prepared-plan-cache.md,9,0,3,6,other:9,,12
sql-statements/sql-statement-admin-show-ddl.md,11,0,1,10,admin:8|other:3,,12
sql-statements/sql-statement-alter-index.md,12,0,0,12,other:6|ddl:2|explain:2|show:1|select:1,,12
sql-statements/sql-statement-alter-table.md,12,0,0,12,other:6|ddl:5|explain:2|dml:1|show:1,,12
sql-statements/sql-statement-select.md,6,0,6,0,other:6,/tmp/,12
tidb-resource-control-runaway-queries.md,12,0,0,12,other:8|ddl:3|select:1,,12
data-type-numeric.md,11,0,0,11,other:11,,11
develop/dev-guide-use-common-table-expression.md,5,3,0,2,select:5,,11
develop/dev-guide-use-temporary-tables.md,8,1,1,6,ddl:4|select:3|dml:1|explain:1,,11
explain-mpp.md,11,0,0,11,explain:5|other:5|set:2|ddl:1|dml:1,tiflash,11
functions-and-operators/group-by-modifier.md,11,0,0,11,select:6|explain:2|other:2|ddl:1|dml:1,TIFLASH|TiFlash|tiflash,11
runtime-filter.md,9,1,0,8,select:3|explain:3|ddl:1|set:1|show:1,TIFLASH|tiflash,11
sql-statements/sql-statement-show-table-regions.md,8,0,3,5,other:6|show:2|ddl:1|select:1|dml:1,,11
statement-summary-tables.md,11,0,0,11,select:6|other:4|set:1,,11
tidb-performance-tuning-config.md,11,0,0,11,set:11,,11
character-set-gbk.md,5,0,5,0,show:4|ddl:1|dml:1,,10
configure-memory-usage.md,10,0,0,10,set:6|other:4,,10
develop/dev-guide-create-secondary-indexes.md,7,0,3,4,ddl:3|other:1|select:1|explain:1|show:1,,10
develop/dev-guide-join-tables.md,5,2,1,2,select:2|explain:2|dml:1,,10
develop/dev-guide-use-views.md,7,1,1,5,ddl:4|select:4|show:1,,10
index-advisor.md,10,0,0,10,other:4|ddl:3|select:3|explain:2,,10
information-schema/information-schema-deadlocks.md,10,0,0,10,other:4|dml:3|show:2|ddl:1|select:1,,10
information-schema/information-schema-resource-groups.md,10,0,0,10,other:5|show:2|select:2|ddl:1,,10
oracle-functions-to-tidb.md,10,0,0,10,select:6|dml:4,,10
sql-statements/sql-statement-analyze-table.md,5,0,5,0,other:5,,10
sql-statements/sql-statement-backup.md,10,0,0,10,other:10,BACKUP|backup|local://|s3://,10
sql-statements/sql-statement-explain-analyze.md,10,0,0,10,other:6|explain:2|ddl:1|dml:1,tiflash,10
sql-statements/sql-statement-rename-user.md,10,0,0,10,other:5|show:3|ddl:2,,10
character-set-gb18030.md,5,0,4,1,show:4|ddl:1|dml:1,,9
develop/dev-guide-tidb-crud-sql.md,7,1,0,6,dml:4|select:3,,9
information-schema/information-schema-slow-query.md,8,0,1,7,show:3|other:3|select:1|explain:1,tiflash,9
literal-values.md,4,1,3,0,other:2|select:1|ddl:1|dml:1,,9
max-min-eliminate.md,7,0,2,5,select:5|other:2,,9
pessimistic-transaction.md,9,0,0,9,set:4|txn:4|dml:2|ddl:1|select:1,,9
sql-statements/sql-statement-drop-resource-group.md,9,0,0,9,other:5|ddl:3|select:1,,9
sql-statements/sql-statement-restore.md,9,0,0,9,other:9,BACKUP|RESTORE|backup|local://|s3://,9
sql-statements/sql-statement-set-role.md,5,0,4,1,set:5|select:4|ddl:1,,9
analyze-slow-queries.md,5,0,3,2,other:5,,8
certificate-authentication.md,7,0,1,6,ddl:4|show:2|other:1,,8
data-type-json.md,5,0,3,2,ddl:5|dml:5|select:1,,8
develop/dev-guide-optimize-sql-best-practices.md,8,0,0,8,dml:3|select:2|set:2|ddl:1,,8
develop/dev-guide-proxysql-integration.md,8,0,0,8,select:7|dml:3|txn:1|other:1,,8
develop/dev-guide-transaction-restraints.md,5,0,3,2,other:5,,8
functions-and-operators/set-operators.md,8,0,0,8,select:5|other:2|ddl:1|dml:1,,8
information-schema/information-schema-metrics-summary.md,8,0,0,8,other:4|select:3|show:1,,8
information-schema/information-schema-tidb-hot-regions-history.md,8,0,0,8,select:6|show:1|other:1,,8
information-schema/information-schema-tidb-trx.md,8,0,0,8,other:4|show:2|select:2,,8
keywords.md,4,0,4,0,ddl:4,,8
migrate-from-tidb-to-mysql.md,4,0,4,0,other:4,shell-steps,8
sql-statements/sql-statement-admin-bdr-role.md,8,0,0,8,admin:5|other:3,,8
sql-statements/sql-statement-create-binding.md,6,1,0,5,select:5|ddl:3|dml:2|show:1|other:1,,8
sql-statements/sql-statement-create-resource-group.md,8,0,0,8,other:4|ddl:3|select:1,,8
sql-statements/sql-statement-distribute-table.md,4,0,4,0,ddl:4,tiflash,8
sql-statements/sql-statement-flashback-cluster.md,5,0,3,2,other:4|select:1,FLASHBACK|flashback,8
sql-statements/sql-statement-lock-stats.md,4,0,4,0,other:4,,8
sql-statements/sql-statement-recover-table.md,7,0,1,6,other:4|ddl:2|admin:1,,8
sql-statements/sql-statement-set-resource-group.md,5,1,1,3,select:3|set:2|ddl:1|other:1,,8
sql-statements/sql-statement-table.md,8,0,0,8,other:6|ddl:1|dml:1,,8
tidb-upgrade-migration-guide.md,8,0,0,8,set:4|ddl:2|txn:2|show:1|select:1,Restore|shell-steps,8
topn-limit-push-down.md,4,0,4,0,ddl:4|explain:4,,8
ai/quickstart-via-sql.md,5,0,2,3,select:3|ddl:1|dml:1|other:1,,7
auto-random.md,7,0,0,7,ddl:5|other:2|show:1,,7
develop/dev-guide-get-data-from-single-table.md,5,1,0,4,select:5,,7
develop/dev-guide-insert-data.md,6,0,1,5,dml:6|ddl:1|set:1,,7
develop/dev-guide-use-subqueries.md,5,1,0,4,select:5,,7
extended-statistics.md,7,0,0,7,ddl:4|select:2|set:1,,7
information-schema/information-schema-runaway-watches.md,7,0,0,7,other:4|select:2|show:1,,7
predicate-push-down.md,7,0,0,7,ddl:7|explain:5|set:2|show:1|select:1|dml:1,,7
sql-statements/sql-statement-drop-binding.md,5,1,0,4,ddl:3|show:3|select:1|set:1|other:1,,7
sql-statements/sql-statement-set-variable.md,4,0,3,1,other:3|select:1|set:1,,7
sql-statements/sql-statement-show-backups.md,7,0,0,7,other:4|show:3,BACKUP|Backup|backup|s3://,7
correlated-subquery-optimization.md,6,0,0,6,explain:3|other:3|ddl:1|admin:1|dml:1,,6
develop/dev-guide-connection-parameters.md,6,0,0,6,dml:6,,6
develop/java-app-best-practices.md,6,0,0,6,dml:6,,6
explain-views.md,6,0,0,6,explain:3|other:3|ddl:2,,6
functions-and-operators/cast-functions-and-operators.md,6,0,0,6,select:2|other:2|ddl:1|dml:1|explain:1,,6
functions-and-operators/utility-functions.md,2,2,0,0,select:2,,6
information-schema/information-schema-columns.md,6,0,0,6,other:3|show:2|ddl:1|select:1,,6
information-schema/information-schema-processlist.md,6,0,0,6,other:3|select:2|show:1,,6
information-schema/information-schema-sequences.md,6,0,0,6,other:3|select:2|show:1|ddl:1,,6
quick-start-with-htap.md,6,0,0,6,select:3|other:1|ddl:1|explain:1,TIFLASH|shell-steps|tiflash,6
sql-statements/sql-statement-alter-table-compact.md,6,0,0,6,ddl:6|select:2|dml:2,TIFLASH,6
sql-statements/sql-statement-calibrate-resource.md,6,0,0,6,other:6,,6
sql-statements/sql-statement-cancel-traffic-jobs.md,3,0,3,0,show:2|other:1,,6
sql-statements/sql-statement-drop-role.md,6,0,0,6,set:3|show:3|ddl:2,,6
sql-statements/sql-statement-flashback-database.md,6,0,0,6,other:3|ddl:2|select:1,FLASHBACK,6
sql-statements/sql-statement-flashback-table.md,6,0,0,6,other:3|ddl:2|select:1,FLASHBACK,6
sql-statements/sql-statement-flush-stats-delta.md,4,0,2,2,other:2|ddl:1|dml:1|show:1,,6
sql-statements/sql-statement-load-data.md,6,0,0,6,other:6,LOAD DATA|s3://,6
sql-statements/sql-statement-revoke-role.md,6,0,0,6,show:3|set:2|ddl:1|other:1,,6
sql-statements/sql-statement-show-character-set.md,3,0,3,0,show:3,,6
sql-statements/sql-statement-show-collation.md,4,0,2,2,show:3|other:1,,6
sql-statements/sql-statement-show-config.md,3,0,3,0,show:3,,6
sql-statements/sql-statement-show-create-database.md,6,0,0,6,other:3|show:2|ddl:1,,6
sql-statements/sql-statement-show-stats-healthy.md,4,0,2,2,show:2|dml:2|other:2|ddl:1|select:1,,6
sql-statements/sql-statement-with.md,2,2,0,0,select:2,,6
tidb-resource-control-background-tasks.md,4,1,0,3,ddl:3|select:1,,6
workload-repository.md,6,0,0,6,set:5|admin:1,,6
develop/dev-guide-delete-data.md,5,0,0,5,dml:2|other:2|select:1,,5
develop/dev-guide-update-data.md,5,0,0,5,dml:4|select:1|ddl:1,,5
explain-partitions.md,5,0,0,5,explain:2|other:2|ddl:1|select:1|dml:1,,5
information-schema/information-schema-data-lock-waits.md,2,1,1,0,show:1|select:1,,5
information-schema/information-schema-engines.md,3,1,0,2,show:1|other:1|select:1,,5
information-schema/information-schema-inspection-rules.md,2,1,1,0,show:1|select:1,,5
information-schema/information-schema-key-column-usage.md,2,1,1,0,show:1|select:1,,5
information-schema/information-schema-keywords.md,2,1,1,0,show:1|select:1,,5
information-schema/information-schema-schemata.md,2,1,1,0,show:1|select:1,,5
information-schema/information-schema-tables.md,5,0,0,5,show:2|other:2|select:2,,5
information-schema/information-schema-user-privileges.md,5,0,0,5,other:3|show:1|select:1,,5
metadata-lock.md,3,0,2,1,other:3,,5
online-unsafe-recovery.md,5,0,0,5,ddl:3|select:1|admin:1,shell-steps,5
pipelined-dml.md,5,0,0,5,dml:3|set:2|select:1,,5
sql-statements/sql-statement-create-table.md,3,0,2,1,ddl:2|show:2|select:1|dml:1|other:1,,5
sql-statements/sql-statement-kill.md,2,1,1,0,select:1|other:1,,5
sql-statements/sql-statement-set-default-role.md,5,0,0,5,set:3|show:2|ddl:1,,5
sql-statements/sql-statement-trace.md,3,0,2,1,explain:3,,5
tikv-in-memory-engine.md,2,1,1,0,select:1|show:1,,5
agg-distinct-optimization.md,2,0,2,0,other:2,,4
data-type-default-values.md,4,0,0,4,ddl:4,,4
develop/dev-guide-bookshop-schema-design.md,2,1,0,1,select:1|ddl:1,TIFLASH|shell-steps,4
develop/dev-guide-time-to-live.md,4,0,0,4,ddl:4,,4
dr-multi-replica.md,4,0,0,4,ddl:3|select:3|set:1,shell-steps,4
explain-index-merge.md,4,0,0,4,explain:2|set:1|ddl:1,,4
functions-and-operators/precision-math.md,4,0,0,4,other:2|set:1|dml:1,,4
garbage-collection-configuration.md,4,0,0,4,show:2|other:2|set:1,,4
information-schema/client-errors-summary-by-host.md,4,0,0,4,other:2|show:1|select:1,,4
information-schema/client-errors-summary-by-user.md,4,0,0,4,other:2|show:1|select:1,,4
information-schema/client-errors-summary-global.md,4,0,0,4,other:2|show:1|select:1,,4
information-schema/information-schema-analyze-status.md,4,0,0,4,other:2|show:1|select:1,,4
information-schema/information-schema-character-sets.md,3,0,1,2,show:1|select:1|other:1,,4
information-schema/information-schema-check-constraints.md,4,0,0,4,other:2|show:1|ddl:1|select:1|set:1,,4
information-schema/information-schema-cluster-config.md,4,0,0,4,other:2|show:1|select:1,,4
information-schema/information-schema-cluster-hardware.md,4,0,0,4,other:2|show:1|select:1,,4
information-schema/information-schema-cluster-info.md,4,0,0,4,other:2|show:1|select:1,,4
information-schema/information-schema-cluster-load.md,4,0,0,4,other:2|show:1|select:1,,4
information-schema/information-schema-cluster-log.md,4,0,0,4,other:2|show:1|select:1,,4
information-schema/information-schema-cluster-systeminfo.md,4,0,0,4,other:2|show:1|select:1,,4
information-schema/information-schema-collation-character-set-applicability.md,4,0,0,4,other:2|show:1|select:1,,4
information-schema/information-schema-collations.md,4,0,0,4,other:2|show:1|select:1,,4
information-schema/information-schema-ddl-jobs.md,4,0,0,4,other:2|show:1|select:1,tiflash,4
information-schema/information-schema-memory-usage-ops-history.md,4,0,0,4,other:2|show:1|select:1,,4
information-schema/information-schema-memory-usage.md,4,0,0,4,other:2|show:1|select:1,,4
information-schema/information-schema-metrics-tables.md,4,0,0,4,other:2|show:1|select:1,,4
information-schema/information-schema-partitions.md,4,0,0,4,other:2|show:1|ddl:1|select:1,,4
information-schema/information-schema-placement-policies.md,4,0,0,4,show:2|other:2|ddl:1|select:1,,4
information-schema/information-schema-referential-constraints.md,4,0,0,4,other:2|show:1|ddl:1|select:1,,4
information-schema/information-schema-session-variables.md,4,0,0,4,other:2|show:1|select:1,,4
information-schema/information-schema-table-constraints.md,4,0,0,4,other:2|show:1|select:1,,4
information-schema/information-schema-table-storage-stats.md,4,0,0,4,other:2|show:1|ddl:1|select:1|dml:1,,4
information-schema/information-schema-tidb-check-constraints.md,4,0,0,4,other:2|show:1|ddl:1|select:1|set:1,,4
information-schema/information-schema-tidb-index-usage.md,4,0,0,4,show:2|other:2,,4
information-schema/information-schema-tidb-servers-info.md,4,0,0,4,other:2|show:1|select:1,,4
information-schema/information-schema-user-attributes.md,4,0,0,4,other:2|show:1|ddl:1|select:1,,4
information-schema/information-schema-variables-info.md,4,0,0,4,other:2|show:1|select:1,,4
information-schema/information-schema-views.md,4,0,0,4,other:2|show:1|ddl:1|select:1,,4
log-redaction.md,4,0,0,4,set:2|ddl:2|dml:2,,4
optimistic-transaction.md,4,0,0,4,set:4,,4
sql-statements/sql-statement-admin-alter-ddl.md,3,0,1,2,admin:3,,4
sql-statements/sql-statement-admin-checksum-table.md,4,0,0,4,ddl:1|dml:1|admin:1|other:1,,4
sql-statements/sql-statement-admin-cleanup.md,4,0,0,4,admin:4|select:1,,4
sql-statements/sql-statement-admin-recover.md,4,0,0,4,admin:4|select:1,,4
sql-statements/sql-statement-create-role.md,4,0,0,4,set:2|show:2|ddl:1,,4
sql-statements/sql-statement-do.md,2,0,2,0,other:2,,4
sql-statements/sql-statement-drop-sequence.md,2,0,2,0,ddl:2,,4
sql-statements/sql-statement-grant-role.md,4,0,0,4,set:2|show:2|ddl:1,,4
sql-statements/sql-statement-show-create-sequence.md,2,0,2,0,ddl:1|show:1,,4
sql-statements/sql-statement-show-import-job.md,2,0,2,0,show:2,,4
sql-statements/sql-statement-show-plugins.md,2,0,2,0,show:2,,4
sql-statements/sql-statement-show-stats-histograms.md,4,0,0,4,show:2|other:2,,4
sql-statements/sql-statement-show-stats-locked.md,2,0,2,0,other:2,,4
sql-statements/sql-statement-show-stats-meta.md,4,0,0,4,show:2|other:2,,4
sql-statements/sql-statement-show-table-next-rowid.md,4,0,0,4,show:2|ddl:1|dml:1,,4
sql-statements/sql-statement-traffic-replay.md,4,0,0,4,other:4,/tmp/|s3://,4
sql-statements/sql-statement-unlock-stats.md,2,0,2,0,other:2,,4
stale-read.md,3,0,1,2,ddl:2|select:1|set:1,tiflash,4
subquery-optimization.md,4,0,0,4,explain:2|other:2|ddl:1|dml:1,,4
table-affinity.md,4,0,0,4,ddl:4,,4
tso.md,4,0,0,4,select:4|txn:1,shell-steps,4
develop/dev-guide-aws-appflow-integration.md,3,0,0,3,other:2|ddl:1,,3
develop/dev-guide-implicit-type-conversion.md,3,0,0,3,show:2|select:1,,3
develop/dev-guide-transaction-troubleshoot.md,3,0,0,3,dml:2|other:1,,3
information-schema/information-schema-inspection-summary.md,3,0,0,3,show:1|other:1|select:1,,3
information-schema/information-schema-statistics.md,3,0,0,3,show:2|other:1|select:1,,3
information-schema/information-schema-tidb-indexes.md,2,0,1,1,show:1|select:1,,3
information-schema/information-schema-tikv-region-peers.md,3,0,0,3,show:1|other:1|select:1,,3
information-schema/information-schema-tikv-region-status.md,3,0,0,3,show:1|other:1|select:1,,3
lateral-derived-tables.md,3,0,0,3,select:3,,3
migrate-large-mysql-shards-to-tidb.md,3,0,0,3,ddl:3,shell-steps,3
migrate-with-more-columns-downstream.md,3,0,0,3,ddl:3,,3
sql-statements/sql-statement-admin-check-table-index.md,3,0,0,3,admin:3,,3
sql-statements/sql-statement-alter-placement-policy.md,2,0,1,1,ddl:2|show:1,,3
sql-statements/sql-statement-create-database.md,2,0,1,1,ddl:1|other:1,,3
sql-statements/sql-statement-refresh-stats.md,3,0,0,3,other:3,,3
sql-statements/sql-statement-show-bindings.md,1,1,0,0,select:1,,3
sql-statements/sql-statement-traffic-capture.md,3,0,0,3,other:3,/tmp/|s3://,3
sql-statements/sql-statement-update.md,2,0,1,1,other:1|ddl:1|dml:1,,3
tidb-global-sort.md,3,0,0,3,set:3,s3://,3
transaction-isolation-levels.md,3,0,0,3,ddl:1|select:1|txn:1|dml:1|show:1|set:1,,3
accelerated-table-creation.md,2,0,0,2,set:2,,2
configure-load-base-split.md,2,0,0,2,set:1|show:1,,2
cost-model.md,1,0,1,0,other:1,,2
develop/dev-guide-build-cluster-in-cloud.md,2,0,0,2,select:1|other:1,,2
develop/dev-guide-sample-application-java-hibernate.md,2,0,0,2,set:2,,2
develop/dev-guide-sql-development-specification.md,2,0,0,2,select:2,,2
develop/serverless-driver-drizzle-example.md,2,0,0,2,ddl:2,,2
develop/serverless-driver-kysely-example.md,2,0,0,2,ddl:2|dml:2,,2
dumpling-overview.md,2,0,0,2,set:2,shell-steps,2
error-codes.md,2,0,0,2,set:2,,2
explain-overview.md,2,0,0,2,ddl:1|explain:1|dml:1|other:1,,2
filter-dml-event.md,2,0,0,2,dml:1|other:1,,2
information-schema/information-schema-tidb-hot-regions.md,1,0,1,0,show:1,,2
information-schema/information-schema-tiflash-indexes.md,2,0,0,2,show:1|other:1,TIFLASH,2
information-schema/information-schema-tiflash-replica.md,2,0,0,2,show:1|other:1,TIFLASH,2
information-schema/information-schema-tiflash-segments.md,2,0,0,2,show:1|other:1,TIFLASH|tiflash,2
information-schema/information-schema-tiflash-tables.md,2,0,0,2,show:1|other:1,TIFLASH|tiflash,2
information-schema/information-schema-tikv-store-status.md,2,0,0,2,show:1|other:1,,2
migrate-aurora-to-tidb.md,1,0,1,0,show:1,shell-steps,2
migrate-from-parquet-files-to-tidb.md,2,0,0,2,ddl:2,shell-steps,2
migrate-small-mysql-shards-to-tidb.md,2,0,0,2,ddl:2,shell-steps,2
mysql-compatibility.md,1,0,1,0,other:1,,2
replicate-data-to-kafka.md,2,0,0,2,ddl:1|select:1,shell-steps,2
shard-row-id-bits.md,2,0,0,2,ddl:2,,2
sql-statements/sql-statement-add-column.md,1,0,1,0,other:1,,2
sql-statements/sql-statement-add-index.md,1,0,1,0,other:1,,2
sql-statements/sql-statement-alter-database.md,2,0,0,2,ddl:1|other:1,,2
sql-statements/sql-statement-batch.md,2,0,0,2,other:2,,2
sql-statements/sql-statement-begin.md,1,0,1,0,other:1,,2
sql-statements/sql-statement-cancel-distribution-job.md,1,0,1,0,other:1,,2
sql-statements/sql-statement-cancel-import-job.md,1,0,1,0,other:1,,2
sql-statements/sql-statement-commit.md,1,0,1,0,other:1,,2
sql-statements/sql-statement-create-placement-policy.md,1,0,1,0,ddl:1|show:1,,2
sql-statements/sql-statement-create-table-like.md,1,0,1,0,other:1,,2
sql-statements/sql-statement-create-view.md,1,0,1,0,other:1,,2
sql-statements/sql-statement-deallocate.md,1,0,1,0,other:1,,2
sql-statements/sql-statement-delete.md,1,0,1,0,other:1,,2
sql-statements/sql-statement-drop-column.md,1,0,1,0,other:1,,2
sql-statements/sql-statement-drop-database.md,1,0,1,0,other:1,,2
sql-statements/sql-statement-drop-index.md,1,0,1,0,other:1,,2
sql-statements/sql-statement-drop-placement-policy.md,2,0,0,2,ddl:1|select:1|other:1,,2
sql-statements/sql-statement-drop-table.md,1,0,1,0,other:1,,2
sql-statements/sql-statement-drop-user.md,1,0,1,0,other:1,,2
sql-statements/sql-statement-drop-view.md,1,0,1,0,other:1,,2
sql-statements/sql-statement-execute.md,1,0,1,0,other:1,,2
sql-statements/sql-statement-flush-privileges.md,1,0,1,0,other:1,,2
sql-statements/sql-statement-flush-status.md,1,0,1,0,other:1,,2
sql-statements/sql-statement-flush-tables.md,1,0,1,0,other:1,,2
sql-statements/sql-statement-grant-privileges.md,1,0,1,0,other:1,,2
sql-statements/sql-statement-insert.md,1,0,1,0,other:1,,2
sql-statements/sql-statement-load-stats.md,1,0,1,0,other:1,/tmp/,2
sql-statements/sql-statement-lock-tables-and-unlock-tables.md,2,0,0,2,other:2,,2
sql-statements/sql-statement-prepare.md,1,0,1,0,other:1,,2
sql-statements/sql-statement-rename-index.md,1,0,1,0,ddl:1,,2
sql-statements/sql-statement-replace.md,1,0,1,0,other:1,,2
sql-statements/sql-statement-revoke-privileges.md,1,0,1,0,other:1,,2
sql-statements/sql-statement-rollback.md,1,0,1,0,other:1,,2
sql-statements/sql-statement-set-names.md,1,0,1,0,other:1,,2
sql-statements/sql-statement-set-password.md,1,0,1,0,other:1,,2
sql-statements/sql-statement-set-transaction.md,1,0,1,0,other:1,,2
sql-statements/sql-statement-show-affinity.md,2,0,0,2,ddl:1|show:1|other:1,,2
sql-statements/sql-statement-show-analyze-status.md,1,0,1,0,other:1,,2
sql-statements/sql-statement-show-builtins.md,1,0,1,0,show:1,,2
sql-statements/sql-statement-show-column-stats-usage.md,1,0,1,0,show:1,,2
sql-statements/sql-statement-show-columns-from.md,1,0,1,0,other:1,,2
sql-statements/sql-statement-show-create-placement-policy.md,1,0,1,0,ddl:1|show:1,,2
sql-statements/sql-statement-show-create-resource-group.md,2,0,0,2,ddl:1|show:1,,2
sql-statements/sql-statement-show-create-table.md,1,0,1,0,ddl:1,,2
sql-statements/sql-statement-show-create-user.md,1,0,1,0,other:1,,2
sql-statements/sql-statement-show-databases.md,1,0,1,0,other:1,,2
sql-statements/sql-statement-show-distribution-jobs.md,1,0,1,0,show:1,,2
sql-statements/sql-statement-show-engines.md,1,0,1,0,other:1,,2
sql-statements/sql-statement-show-errors.md,1,0,1,0,other:1,,2
sql-statements/sql-statement-show-grants.md,1,0,1,0,other:1,,2
sql-statements/sql-statement-show-indexes.md,1,0,1,0,other:1,,2
sql-statements/sql-statement-show-master-status.md,2,0,0,2,show:1|other:1,,2
sql-statements/sql-statement-show-placement-for.md,1,0,1,0,ddl:1|show:1,,2
sql-statements/sql-statement-show-placement-labels.md,1,0,1,0,show:1,,2
sql-statements/sql-statement-show-placement.md,1,0,1,0,ddl:1|show:1,,2
sql-statements/sql-statement-show-privileges.md,1,0,1,0,show:1,,2
sql-statements/sql-statement-show-processlist.md,1,0,1,0,other:1,,2
sql-statements/sql-statement-show-profiles.md,1,0,1,0,show:1,,2
sql-statements/sql-statement-show-stats-buckets.md,1,0,1,0,show:1,,2
sql-statements/sql-statement-show-stats-topn.md,1,0,1,0,show:1,,2
sql-statements/sql-statement-show-status.md,1,0,1,0,other:1,,2
sql-statements/sql-statement-show-table-distribution.md,1,0,1,0,ddl:1|show:1,,2
sql-statements/sql-statement-show-table-status.md,1,0,1,0,other:1,,2
sql-statements/sql-statement-show-tables.md,1,0,1,0,other:1,,2
sql-statements/sql-statement-show-traffic-jobs.md,1,0,1,0,show:1,,2
sql-statements/sql-statement-show-variables.md,1,0,1,0,other:1,,2
sql-statements/sql-statement-show-warnings.md,1,0,1,0,other:1,,2
sql-statements/sql-statement-shutdown.md,1,0,1,0,other:1,,2
sql-statements/sql-statement-start-transaction.md,1,0,1,0,other:1,,2
sql-statements/sql-statement-truncate.md,1,0,1,0,other:1,,2
sql-statements/sql-statement-use.md,1,0,1,0,other:1,,2
tidb-distributed-execution-framework.md,2,0,0,2,ddl:1|set:1,,2
backup-and-restore-using-dumpling-lightning.md,1,0,0,1,select:1,shell-steps,1
column-pruning.md,1,0,0,1,select:1,,1
coprocessor-cache.md,1,0,0,1,explain:1,,1
develop/dev-guide-create-database.md,1,0,0,1,ddl:1,,1
develop/dev-guide-sample-application-nodejs-typeorm.md,1,0,0,1,other:1,,1
develop/dev-guide-use-follower-read.md,1,0,0,1,set:1,,1
follower-read.md,1,0,0,1,set:1,,1
functions-and-operators/operators.md,1,0,0,1,other:1,,1
identify-expensive-queries.md,1,0,0,1,other:1,,1
import-example-data.md,1,0,0,1,ddl:1,shell-steps,1
join-reorder.md,1,0,0,1,select:1,,1
migrate-large-mysql-to-tidb.md,1,0,0,1,select:1,shell-steps,1
optimizer-fix-controls.md,1,0,0,1,set:1,,1
security-compatibility-with-mysql.md,1,0,0,1,ddl:1,,1
sql-statements/sql-statement-admin-cancel-ddl.md,1,0,0,1,admin:1,,1
sql-statements/sql-statement-admin-pause-ddl.md,1,0,0,1,admin:1,,1
sql-statements/sql-statement-admin-resume-ddl.md,1,0,0,1,admin:1,,1
sql-statements/sql-statement-alter-instance.md,1,0,0,1,ddl:1,,1
sql-statements/sql-statement-alter-range.md,1,0,0,1,ddl:1,,1
tidb-computing.md,1,0,0,1,ddl:1,,1
tidb-control.md,1,0,0,1,ddl:1|dml:1,,1
tidb-troubleshooting-map.md,1,0,0,1,set:1,,1
tiflash-upgrade-guide.md,1,0,0,1,ddl:1,shell-steps|tiflash,1
